primaryKey	S	ORF1a	E	M	N	ORF1b	ORF3a	ORF6	ORF7a	ORF7b	ORF8	ORF9b
key_1408408	[214:EPE]	[]	[]	[]	[]	[]	[]	[]	[]	[]	[]	[]
key_1749899	[]	[]	[]	[]	[]	[]	[]	[]	[]	[]	[]	[]
key_2016901	[]	[]	[]	[]	[]	[]	[]	[]	[]	[]	[]	[]
key_1749892	[]	[]	[]	[]	[]	[]	[]	[]	[]	[]	[]	[]
key_1597932	[214:EPE]	[]	[]	[]	[]	[]	[]	[]	[]	[]	[]	[]
key_1407962	[]	[]	[]	[]	[]	[]	[]	[]	[]	[]	[]	[]
key_1750503	[]	[]	[]	[]	[]	[]	[]	[]	[]	[]	[]	[]
key_1360935	[]	[]	[]	[]	[]	[]	[]	[]	[]	[]	[]	[]
key_2019235	[]	[]	[]	[]	[]	[]	[]	[]	[]	[]	[]	[]
key_1749960	[]	[]	[]	[]	[]	[]	[]	[]	[]	[]	[]	[]
key_1361468	[]	[]	[]	[]	[]	[]	[]	[]	[]	[]	[]	[]
key_1408062	[]	[]	[]	[]	[]	[]	[]	[]	[]	[]	[]	[]
key_1597890	[]	[]	[]	[]	[]	[]	[]	[]	[]	[]	[]	[]
key_1682849	[]	[]	[]	[]	[]	[]	[]	[]	[]	[]	[]	[]
key_1408805	[]	[]	[]	[]	[]	[]	[]	[]	[]	[]	[]	[]
key_1750868	[214:EPE]	[]	[]	[]	[]	[]	[]	[]	[]	[]	[]	[]
key_2019350	[]	[]	[]	[]	[]	[]	[]	[]	[]	[]	[]	[]
key_2017036	[]	[]	[]	[]	[]	[]	[]	[]	[]	[]	[]	[]
key_1599113	[]	[]	[]	[]	[]	[]	[]	[]	[]	[]	[]	[]
key_2214128	[]	[]	[]	[]	[]	[]	[]	[]	[]	[]	[]	[]
key_2408472	[]	[]	[]	[]	[]	[]	[]	[]	[]	[]	[]	[]
key_830864	[]	[]	[]	[]	[]	[]	[]	[]	[]	[]	[]	[]
key_581968	[214:EPE]	[]	[]	[]	[]	[]	[]	[]	[]	[]	[]	[]
key_2213804	[]	[]	[]	[]	[]	[]	[]	[]	[]	[]	[]	[]
key_2405276	[]	[]	[]	[]	[]	[]	[]	[]	[]	[]	[]	[]
key_2213934	[]	[]	[]	[]	[]	[]	[]	[]	[]	[]	[]	[]
key_2213984	[]	[]	[]	[]	[]	[]	[]	[]	[]	[]	[]	[]
key_2574088	[]	[]	[]	[]	[]	[]	[]	[]	[]	[]	[]	[]
key_2544226	[]	[]	[]	[]	[]	[]	[]	[]	[]	[]	[]	[]
key_2360326	[]	[]	[]	[]	[]	[]	[]	[]	[]	[]	[]	[]
key_2379651	[]	[]	[]	[]	[]	[]	[]	[]	[]	[]	[]	[]
key_1036103	[]	[]	[]	[]	[]	[]	[]	[]	[]	[]	[]	[]
key_931279	[]	[]	[]	[]	[]	[]	[]	[]	[]	[]	[]	[]
key_931031	[]	[]	[]	[]	[]	[]	[]	[]	[]	[]	[]	[]
key_1273458	[]	[]	[]	[]	[]	[]	[]	[]	[]	[]	[]	[]
key_1273715	[]	[]	[]	[]	[]	[]	[]	[]	[]	[]	[]	[]
key_737604	[]	[]	[]	[]	[]	[]	[]	[]	[]	[]	[]	[]
key_1129663	[]	[]	[]	[]	[]	[]	[]	[]	[]	[]	[]	[]
key_1003629	[214:EPE]	[]	[]	[]	[]	[]	[]	[]	[]	[]	[]	[]
key_737715	[247:SGE]	[]	[]	[]	[]	[]	[]	[]	[]	[]	[]	[]
key_1003036	[]	[]	[]	[]	[]	[]	[]	[]	[]	[]	[]	[]
key_899762	[]	[]	[]	[]	[]	[]	[]	[]	[]	[]	[]	[]
key_899725	[210:IV]	[]	[]	[]	[]	[]	[]	[]	[]	[]	[]	[]
key_1195052	[]	[]	[]	[]	[]	[]	[]	[]	[]	[]	[]	[]
key_1003519	[]	[]	[]	[]	[]	[]	[]	[]	[]	[]	[]	[]
key_1003010	[]	[]	[]	[]	[]	[]	[]	[]	[]	[]	[]	[]
key_1119584	[]	[]	[]	[]	[]	[]	[]	[]	[]	[]	[]	[]
key_1002052	[]	[]	[]	[]	[]	[]	[]	[]	[]	[]	[]	[]
key_466942	[]	[]	[]	[]	[]	[]	[]	[]	[]	[]	[]	[]
key_1003849	[]	[]	[]	[]	[]	[]	[]	[]	[]	[]	[]	[]
key_768148	[]	[]	[]	[]	[]	[]	[]	[]	[]	[]	[]	[]
key_1080536	[]	[]	[]	[]	[]	[]	[]	[]	[]	[]	[]	[]
key_1002156	[]	[]	[]	[]	[]	[]	[]	[]	[]	[]	[]	[]
key_1119315	[]	[]	[]	[]	[]	[]	[]	[]	[]	[]	[]	[]
key_1004495	[]	[]	[]	[]	[]	[]	[]	[]	[]	[]	[]	[]
key_1001920	[]	[]	[]	[]	[]	[]	[]	[]	[]	[]	[]	[]
key_1131102	[]	[]	[]	[]	[]	[]	[]	[]	[]	[]	[]	[]
key_1003373	[]	[]	[]	[]	[]	[]	[]	[]	[]	[]	[]	[]
key_721941	[]	[]	[]	[]	[]	[]	[]	[]	[]	[]	[]	[]
key_1130868	[]	[]	[]	[]	[]	[]	[]	[]	[]	[]	[]	[]
key_1003425	[]	[]	[]	[]	[]	[]	[]	[]	[]	[]	[]	[]
key_737860	[]	[]	[]	[]	[]	[]	[]	[]	[]	[]	[]	[]
key_1001493	[]	[]	[]	[]	[]	[]	[]	[]	[]	[]	[]	[]
key_1260480	[]	[]	[]	[]	[]	[]	[]	[]	[]	[]	[]	[]
key_1747885	[]	[]	[]	[]	[]	[]	[]	[]	[]	[]	[]	[]
key_1747752	[]	[]	[]	[]	[]	[]	[]	[]	[]	[]	[]	[]
key_1005148	[]	[]	[]	[]	[]	[]	[]	[]	[]	[]	[]	[]
key_1748243	[]	[]	[]	[]	[]	[]	[]	[]	[]	[]	[]	[]
key_1748215	[]	[]	[]	[]	[]	[]	[]	[]	[]	[]	[]	[]
key_1748395	[]	[]	[]	[]	[]	[]	[]	[]	[]	[]	[]	[]
key_1760534	[]	[]	[]	[]	[]	[]	[]	[]	[]	[]	[]	[]
key_2086867	[]	[]	[]	[]	[]	[]	[]	[]	[]	[]	[]	[]
key_1840634	[]	[]	[]	[]	[]	[]	[]	[]	[]	[]	[]	[]
key_2180995	[]	[]	[]	[]	[]	[]	[]	[]	[]	[]	[]	[]
key_2181005	[]	[]	[]	[]	[]	[]	[]	[]	[]	[]	[]	[]
key_2180023	[]	[]	[]	[]	[]	[]	[]	[]	[]	[]	[]	[]
key_2270139	[]	[]	[]	[]	[]	[]	[]	[]	[]	[]	[]	[]
key_2544452	[]	[]	[]	[]	[]	[]	[]	[]	[]	[]	[]	[]
key_2544332	[]	[]	[]	[]	[]	[]	[]	[]	[]	[]	[]	[]
key_2307766	[]	[]	[]	[]	[]	[]	[]	[]	[]	[]	[]	[]
key_2375490	[]	[]	[]	[]	[]	[]	[]	[]	[]	[]	[]	[]
key_2374969	[]	[]	[]	[]	[]	[]	[]	[]	[]	[]	[]	[]
key_2307888	[]	[]	[]	[]	[]	[]	[]	[]	[]	[]	[]	[]
key_2375247	[]	[]	[]	[]	[]	[]	[]	[]	[]	[]	[]	[]
key_2308054	[]	[]	[]	[]	[]	[]	[]	[]	[]	[]	[]	[]
key_2375165	[]	[]	[]	[]	[]	[]	[]	[]	[]	[]	[]	[]
key_2375097	[]	[]	[]	[]	[]	[]	[]	[]	[]	[]	[]	[]
key_3128737	[]	[]	[]	[]	[]	[]	[]	[]	[]	[]	[]	[]
key_3128811	[]	[]	[]	[]	[]	[]	[]	[]	[]	[]	[]	[]
key_3086369	[]	[]	[]	[]	[]	[]	[]	[]	[]	[]	[]	[]
key_3259931	[143:T]	[3602:FEP]	[]	[]	[]	[]	[]	[]	[]	[]	[]	[]
key_3267832	[]	[]	[]	[]	[]	[]	[]	[]	[]	[]	[]	[]
key_3128796	[]	[]	[]	[]	[]	[]	[]	[]	[]	[]	[]	[]
key_3016465	[]	[]	[]	[]	[]	[]	[]	[]	[]	[]	[]	[]
key_3247294	[]	[]	[]	[]	[]	[]	[]	[]	[]	[]	[]	[]
key_3578231	[]	[]	[]	[]	[]	[]	[]	[]	[]	[]	[]	[]
key_3465732	[]	[]	[]	[]	[]	[]	[]	[]	[]	[]	[]	[]
key_2367431	[]	[]	[]	[]	[]	[]	[]	[]	[]	[]	[]	[]
key_3465556	[]	[]	[]	[]	[]	[]	[]	[]	[]	[]	[]	[]
key_2359636	[]	[3602:F]	[]	[]	[]	[]	[]	[]	[]	[]	[]	[]
